{"header_layout":"1","header_site_desc":"0","header_actions":{"search-button":"1","sidebar-button":"1","search-form":"0","social-menu-drop":"0","social-menu":"0"},"header_height":"100","color_header_main_bg":"#ffffff","color_header_main_txt":"#111111","color_header_main_acc":"#009cff","color_header_bottom_bg":"#f2f2f2","color_header_bottom_txt":"#111111","color_header_bottom_acc":"#009cff","logo_bg":"0","color_logo_bg":"#f0233b","header_orientation":"content","header_shadow":"1","header_top":"","color_header_top_bg":"#222222","color_header_top_txt":"#dddddd","color_header_top_acc":"#ffffff","header_top_l":"secondary-menu-1","header_top_c":"0","header_top_r":"social-menu","header_sticky":"1","header_sticky_offset":"100","header_sticky_up":"","header_sticky_logo":"main","header_sticky_colors":"main","color_header_sticky_bg":"#0288d1","color_header_sticky_txt":"#ffffff","color_header_sticky_acc":"#009cff","color_body_bg":"#f3f3f3","background_image":{"background-repeat":"","background-size":"","background-attachment":"","background-position":"","background-image":"","media":{"id":"","height":"","width":"","thumbnail":""}},"color_module_h":"#111111","color_content_bg":"#ffffff","color_content_h":"#111111","color_content_txt":"#5e5e5e","color_content_acc":"#009cff","color_content_meta":"#818181","color_highlight_bg":"#083b5c","color_highlight_txt":"#ffffff","color_highlight_acc":"#b5e1ff","color_footer_bg":"#111111","color_footer_txt":"#ffffff","color_footer_acc":"#ffffff","footer_widgets":"1","footer_layout":"4_3","footer_bottom":"1","footer_copyright":"<p style=\"text-align: center;\">Copyright &copy; {current_year} \u00b7 Created by <a href=\"#\">Meks<\/a> \u00b7 Powered by <a href=\"http:\/\/www.wordpress.org\" target=\"_blank\">WordPress<\/a><\/p>","sidebars":{"1":"Custom Widgets","2":"WooCommerce Sidebar","3":"bbPress Sidebar","4":"WooCommerce Sidebar Single","lastkey":"4"},"cover_type":"fixed","cover_w":"1500","cover_h":"500","cover_overlay":"dark","cover_1_cat":"1","cover_1_excerpt":"1","cover_1_excerpt_limit":"210","lay_cover_1_meta":{"author":"1","date":"0","comments":"1","views":"0","rtime":"0"},"cover_1_icon":"1","cover_1_autoplay":"","cover_1_autoplay_time":"5","cover_2_cat":"1","cover_2_excerpt":"1","cover_2_excerpt_limit":"250","lay_cover_2_meta":{"author":"1","date":"0","comments":"1","views":"0","rtime":"0"},"cover_2_icon":"1","cover_2_autoplay":"","cover_2_autoplay_time":"5","cover_3_cat":"1","lay_cover_3_meta":{"author":"1","date":"1","comments":"0","views":"0","rtime":"0"},"cover_3_icon":"1","cover_3_autoplay":"","cover_3_autoplay_time":"5","cover_4_cat":"1","lay_cover_4_meta":{"author":"0","date":"1","comments":"0","views":"0","rtime":"0"},"cover_4_icon":"1","cover_4_autoplay":"","cover_4_autoplay_time":"5","lay_a_cat":"1","lay_a_meta":{"author":"1","date":"1","comments":"0","views":"0","rtime":"0"},"lay_a_icon":"1","lay_b_cat":"1","lay_b_meta":{"author":"1","date":"0","comments":"0","views":"1","rtime":"0"},"lay_b_icon":"1","lay_c_cat":"1","lay_c_meta":{"author":"1","date":"0","comments":"1","views":"0","rtime":"0"},"lay_c_icon":"1","lay_d_cat":"1","lay_d_meta":{"author":"1","date":"0","comments":"0","views":"0","rtime":"0"},"lay_d_icon":"1","use_highlight":"1","highlight_comments":"","highlight_views":"","highlight_manual_ids":"169, 157, 197","single_layout":"7_1","single_sidebar_position":"right","single_sidebar_standard":"gridlove_default_sidebar","single_sidebar_sticky":"gridlove_default_sticky_sidebar","single_cat":"1","lay_single_meta":{"author":"1","date":"1","comments":"1","views":"0","rtime":"1"},"single_icon":"","single_share":"1","social_share":{"facebook":"1","twitter":"1","reddit":"1","pinterest":"1","email":"1","gplus":"0","linkedin":"0","stumbleupon":"0","vk":"","whatsapp":""},"single_fimg":"1","single_fimg_cap":"","single_headline":"1","single_tags":"1","single_author":"1","single_prev_next":"1","single_infinite_scroll":"","single_related":"1","single_related_using":"default","related_limit":"3","related_layout":"b","related_type":"cat","related_order":"date","related_time":"0","page_layout":"4_1","page_sidebar_position":"right","page_sidebar_standard":"gridlove_default_sidebar","page_sidebar_sticky":"gridlove_default_sticky_sidebar","page_fimg":"1","page_fimg_cap":"","category_cover_layout":"none","category_cover_limit":"3","category_cover_order":"date","category_cover_unique":"","category_layouts_type":"simple","category_layout":"1","category_layout_masonry":"1","category_ppp":"inherit","category_ppp_num":"6","category_pag":"load-more","category_combo":"1","category_combo_layout":"4","category_show_children":"","tag_layouts_type":"simple","tag_layout":"1","tag_layout_masonry":"1","tag_ppp":"inherit","tag_ppp_num":"6","tag_pag":"load-more","author_layouts_type":"simple","author_layout":"1","author_layout_masonry":"1","author_ppp":"inherit","author_ppp_num":"6","author_pag":"load-more","search_layouts_type":"simple","search_layout":"1","search_layout_masonry":"1","search_ppp":"inherit","search_ppp_num":"6","search_pag":"load-more","archive_layouts_type":"simple","archive_layout":"5","archive_layout_masonry":"1","archive_ppp":"inherit","archive_ppp_num":"6","archive_pag":"load-more","main_font":{"font-family":"Cabin","font-options":"","google":"1","font-weight":"400","font-style":"","subsets":"latin"},"h_font":{"font-family":"Lato","font-options":"","google":"1","font-weight":"700","font-style":"","subsets":"latin-ext"},"nav_font":{"font-family":"Cabin","font-options":"","google":"1","font-weight":"700","font-style":"","subsets":"latin"},"font_size_p":"16","font_size_nav":"16","font_size_module":"16","font_size_small":"14","font_size_h1":"40","font_size_h2":"26","font_size_h3":"22","font_size_h4":"20","font_size_h5":"18","font_size_h6":"16","uppercase":{"site-title":"","gridlove-site-description":"","gridlove-main-navigation":"","entry-title":"","module-title":"","widget-title":""},"rtl_mode":"","rtl_lang_skip":"","more_string":"...","views_forgery":"","gridlove_bultin_gallery":"1","on_single_img_popup":"","featured_paginated_image":"never","breadcrumbs":"none","primary_category":"","words_read_per_minute":"200","post_modified_date":"","product_sidebar_position":"right","product_sidebar_standard":"gridlove_sidebar_4","product_sidebar_sticky":"gridlove_default_sticky_sidebar","product_archive_sidebar_position":"right","product_archive_sidebar_standard":"gridlove_sidebar_2","product_archive_sidebar_sticky":"none","forum_sidebar_position":"right","forum_sidebar_standard":"gridlove_sidebar_3","forum_sidebar_sticky":"none","topic_sidebar_position":"right","topic_sidebar_standard":"gridlove_sidebar_3","topic_sidebar_sticky":"none","enable_translate":"1","tr_no_comments":"","tr_one_comment":"","tr_multiple_comments":"","tr_views":"","tr_min_read":"","tr_category":"","tr_tag":"","tr_author":"","tr_archive":"","tr_search_placeholder":"","tr_search_button":"","tr_search_results_for":"","tr_newer_entries":"","tr_older_entries":"","tr_previous_posts":"","tr_next_posts":"","tr_load_more":"","tr_related":"","tr_view_all":"","tr_comment_submit":"","tr_comment_reply":"","tr_comment_text":"","tr_comment_email":"","tr_comment_name":"","tr_comment_website":"","tr_comment_cancel_reply":"","tr_comment_cookie_gdpr":"","tr_404_title":"","tr_404_text":"","tr_content_none":"","tr_content_none_search":"","minify_css":"1","minify_js":"1","disable_img_sizes":{"cover":"","single":"","a":"","b":"","d":""},"additional_css":"","additional_js":"","ad_exclude_from_pages":[],"redux-backup":"1"}